text,label
Badly made from start to finish. The editing was jarring and confusing. Terrible experience.,0
The story was boring and predictable. I fell asleep halfway through.,0
"Dull, uninspired, and painfully slow. I wanted to leave the theater. Very disappointing overall.",0
Great writing and outstanding performances. I thoroughly enjoyed it. The quality surprised me.,1
The story was boring and predictable. I fell asleep halfway through. Very disappointing overall.,0
This movie touched my heart. A genuinely emotional experience.,1
Poor direction and awful dialogue. I cannot recommend this to anyone. Save your money.,0
"Dull, uninspired, and painfully slow. I wanted to leave the theater.",0
Extremely boring and poorly acted. I regret watching this film. Save your money.,0
I cannot understand the positive reviews. This film is genuinely terrible.,0
One of the greatest films ever made. Completely blown away. Easy to use and reliable.,1
Overcomplicated and dull. The CGI looked outdated and the acting was weak. Defective right away.,0
One of the best movies I have seen in years. Highly recommended. I would buy this again.,1
Terrible writing. The plot had too many holes to enjoy the movie.,0
Riveting from start to finish. The best film of the year.,1
Loved the characters and the narrative. An amazing viewing experience. Easy to use and reliable.,1
The special effects were cheap and the story was completely incoherent.,0
An incredible cinematic experience. The story was deeply moving. Really good value.,1
I watched this three times and loved it more each time. Wonderful.,1
One of the most boring films I have ever suffered through.,0
One of the worst films I have ever seen. A total waste of time.,0
A true work of art. The cinematography and soundtrack are perfect. Easy to use and reliable.,1
Riveting from start to finish. The best film of the year. I am impressed overall.,1
Terrible writing. The plot had too many holes to enjoy the movie. Not as described.,0
I cannot understand the positive reviews. This film is genuinely terrible. Poor customer support.,0
A true work of art. The cinematography and soundtrack are perfect. Works great from day one.,1
Great writing and outstanding performances. I thoroughly enjoyed it.,1
An incredible cinematic experience. The story was deeply moving. Works great from day one.,1
Great writing and outstanding performances. I thoroughly enjoyed it.,1
Extremely boring and poorly acted. I regret watching this film.,0
Badly made from start to finish. The editing was jarring and confusing. Very poor value.,0
This movie touched my heart. A genuinely emotional experience. Very happy with the result.,1
Incredibly well-made movie with a compelling and original story.,1
Excellent movie. Great pacing and the ending was very satisfying. Works great from day one.,1
Loved the characters and the narrative. An amazing viewing experience.,1
Brilliant performances from the entire cast. A must-see film.,1
The actors looked bored and the director had no vision whatsoever. Complete waste of money.,0
A beautiful and powerful movie. Left me speechless at the end.,1
Poor direction and awful dialogue. I cannot recommend this to anyone. Poor customer support.,0
Wasted potential. A great concept ruined by poor execution. Never buying from this brand again.,0
One of the worst films I have ever seen. A total waste of time.,0
This film exceeded every expectation. A genuine five-star movie. No complaints at all.,1
Exceptional storytelling with breathtaking visuals. Loved every moment.,1
One of the worst films I have ever seen. A total waste of time. Extremely frustrating experience.,0
Terrible movie. The plot made no sense and the acting was wooden. Save your money.,0
Painfully unfunny and unengaging. Complete disappointment throughout.,0
Painfully unfunny and unengaging. Complete disappointment throughout.,0
Brilliant performances from the entire cast. A must-see film. Works as advertised.,1
The actors looked bored and the director had no vision whatsoever.,0
Poor direction and awful dialogue. I cannot recommend this to anyone. Complete waste of money.,0
A beautiful and powerful movie. Left me speechless at the end. Shipping was very fast.,1
The story was boring and predictable. I fell asleep halfway through.,0
Brilliant performances from the entire cast. A must-see film. Highly satisfied.,1
Possibly the worst film released this decade. Completely unwatchable.,0
Incredibly well-made movie with a compelling and original story. I would buy this again.,1
A beautiful and powerful movie. Left me speechless at the end.,1
I watched this three times and loved it more each time. Wonderful.,1
Wasted potential. A great concept ruined by poor execution. Extremely frustrating experience.,0
Possibly the worst film released this decade. Completely unwatchable. Very disappointing overall.,0
Terrible movie. The plot made no sense and the acting was wooden. Poor customer support.,0
Not worth your time. The script is lazy and the pacing is awful. Instructions were useless.,0
Extremely boring and poorly acted. I regret watching this film. Nothing worked correctly.,0
Moving and thought-provoking. This movie will stay with me forever. The quality surprised me.,1
Extremely boring and poorly acted. I regret watching this film. Felt cheaply made.,0
Superb direction and a powerful script. This movie deserves all awards.,1
Overcomplicated and dull. The CGI looked outdated and the acting was weak.,0
This film exceeded every expectation. A genuine five-star movie. Shipping was very fast.,1
One of the most boring films I have ever suffered through.,0
Do not waste your money on this. A forgettable and mediocre film. Very disappointing overall.,0
Superb direction and a powerful script. This movie deserves all awards. Exactly as described.,1
Terrible writing. The plot had too many holes to enjoy the movie. Extremely frustrating experience.,0
The special effects were cheap and the story was completely incoherent. Nothing worked correctly.,0
A true work of art. The cinematography and soundtrack are perfect. The quality surprised me.,1
Incredibly well-made movie with a compelling and original story.,1
Extremely boring and poorly acted. I regret watching this film.,0
One of the best movies I have seen in years. Highly recommended. I would buy this again.,1
A true work of art. The cinematography and soundtrack are perfect. Easy to use and reliable.,1
Wasted potential. A great concept ruined by poor execution. Would not recommend.,0
Moving and thought-provoking. This movie will stay with me forever.,1
Painfully unfunny and unengaging. Complete disappointment throughout.,0
Superb direction and a powerful script. This movie deserves all awards.,1
A beautiful and powerful movie. Left me speechless at the end.,1
"A true work of art. The cinematography and soundtrack are perfect. Great product, great service.",1
This film exceeded every expectation. A genuine five-star movie. The quality surprised me.,1
Overcomplicated and dull. The CGI looked outdated and the acting was weak. Very poor value.,0
A true work of art. The cinematography and soundtrack are perfect. Shipping was very fast.,1
Possibly the worst film released this decade. Completely unwatchable. Poor customer support.,0
One of the greatest films ever made. Completely blown away. Really good value.,1
I watched this three times and loved it more each time. Wonderful.,1
"This movie touched my heart. A genuinely emotional experience. Great product, great service.",1
An absolute joy to watch. I recommend this to every film lover. Highly satisfied.,1
Not worth your time. The script is lazy and the pacing is awful.,0
An absolute joy to watch. I recommend this to every film lover. Really good value.,1
This movie touched my heart. A genuinely emotional experience.,1
Riveting from start to finish. The best film of the year. Works great from day one.,1
Moving and thought-provoking. This movie will stay with me forever. I am impressed overall.,1
An absolute joy to watch. I recommend this to every film lover. Very happy with the result.,1
One of the best movies I have seen in years. Highly recommended.,1
This movie touched my heart. A genuinely emotional experience.,1
Incredibly well-made movie with a compelling and original story. No complaints at all.,1
An incredible cinematic experience. The story was deeply moving.,1
Do not waste your money on this. A forgettable and mediocre film. Nothing worked correctly.,0
Do not waste your money on this. A forgettable and mediocre film. Save your money.,0
I watched this three times and loved it more each time. Wonderful.,1
I cannot understand the positive reviews. This film is genuinely terrible.,0
"Dull, uninspired, and painfully slow. I wanted to leave the theater.",0
I cannot understand the positive reviews. This film is genuinely terrible. Very poor value.,0
Terrible writing. The plot had too many holes to enjoy the movie.,0
One of the most boring films I have ever suffered through. Save your money.,0
Terrible writing. The plot had too many holes to enjoy the movie.,0
Exceptional storytelling with breathtaking visuals. Loved every moment. No complaints at all.,1
Brilliant performances from the entire cast. A must-see film. Works as advertised.,1
Extremely boring and poorly acted. I regret watching this film.,0
An absolute joy to watch. I recommend this to every film lover. I am impressed overall.,1
An absolute joy to watch. I recommend this to every film lover. I love it.,1
Loved the characters and the narrative. An amazing viewing experience. Really exceeded my expectations.,1
I watched this three times and loved it more each time. Wonderful. The quality surprised me.,1
Great writing and outstanding performances. I thoroughly enjoyed it.,1
This film exceeded every expectation. A genuine five-star movie.,1
One of the worst films I have ever seen. A total waste of time. Terrible experience.,0
I cannot understand the positive reviews. This film is genuinely terrible.,0
Loved the characters and the narrative. An amazing viewing experience.,1
This film exceeded every expectation. A genuine five-star movie. No complaints at all.,1
Wasted potential. A great concept ruined by poor execution.,0
Possibly the worst film released this decade. Completely unwatchable.,0
A fantastic watch. The characters are rich and the plot is gripping.,1
Terrible movie. The plot made no sense and the acting was wooden. Not as described.,0
The special effects were cheap and the story was completely incoherent. Defective right away.,0
A true work of art. The cinematography and soundtrack are perfect.,1
The actors looked bored and the director had no vision whatsoever.,0
This film exceeded every expectation. A genuine five-star movie. Really good value.,1
I cannot understand the positive reviews. This film is genuinely terrible. Extremely frustrating experience.,0
The actors looked bored and the director had no vision whatsoever. Save your money.,0
Do not waste your money on this. A forgettable and mediocre film. Defective right away.,0
The story was boring and predictable. I fell asleep halfway through. Very poor value.,0
This movie touched my heart. A genuinely emotional experience.,1
Great writing and outstanding performances. I thoroughly enjoyed it. No complaints at all.,1
This film exceeded every expectation. A genuine five-star movie. Easy to use and reliable.,1
The actors looked bored and the director had no vision whatsoever.,0
Excellent movie. Great pacing and the ending was very satisfying. I love it.,1
I cannot understand the positive reviews. This film is genuinely terrible.,0
Exceptional storytelling with breathtaking visuals. Loved every moment.,1
Possibly the worst film released this decade. Completely unwatchable.,0
A very disappointing film. None of the characters were likable at all. Felt cheaply made.,0
Superb direction and a powerful script. This movie deserves all awards.,1
One of the worst films I have ever seen. A total waste of time.,0
A true work of art. The cinematography and soundtrack are perfect.,1
One of the worst films I have ever seen. A total waste of time.,0
One of the best movies I have seen in years. Highly recommended. Easy to use and reliable.,1
I cannot understand the positive reviews. This film is genuinely terrible.,0
The actors looked bored and the director had no vision whatsoever.,0
I watched this three times and loved it more each time. Wonderful.,1
Possibly the worst film released this decade. Completely unwatchable. Defective right away.,0
An incredible cinematic experience. The story was deeply moving. Works great from day one.,1
Moving and thought-provoking. This movie will stay with me forever.,1
Not worth your time. The script is lazy and the pacing is awful. Poor customer support.,0
I watched this three times and loved it more each time. Wonderful. Really good value.,1
An incredible cinematic experience. The story was deeply moving. Shipping was very fast.,1
This film exceeded every expectation. A genuine five-star movie. Easy to use and reliable.,1
A fantastic watch. The characters are rich and the plot is gripping. I am impressed overall.,1
Excellent movie. Great pacing and the ending was very satisfying. I am impressed overall.,1
"Superb direction and a powerful script. This movie deserves all awards. Great product, great service.",1
Badly made from start to finish. The editing was jarring and confusing. Would not recommend.,0
Loved the characters and the narrative. An amazing viewing experience. Highly satisfied.,1
I watched this three times and loved it more each time. Wonderful.,1
This movie touched my heart. A genuinely emotional experience. The quality surprised me.,1
The special effects were cheap and the story was completely incoherent. Nothing worked correctly.,0
Possibly the worst film released this decade. Completely unwatchable. Never buying from this brand again.,0
Brilliant performances from the entire cast. A must-see film. I would buy this again.,1
I cannot understand the positive reviews. This film is genuinely terrible. Not as described.,0
The actors looked bored and the director had no vision whatsoever.,0
Do not waste your money on this. A forgettable and mediocre film.,0
Brilliant performances from the entire cast. A must-see film.,1
Painfully unfunny and unengaging. Complete disappointment throughout. Poor customer support.,0
A true work of art. The cinematography and soundtrack are perfect. No complaints at all.,1
Extremely boring and poorly acted. I regret watching this film. Extremely frustrating experience.,0
Loved the characters and the narrative. An amazing viewing experience.,1
I cannot understand the positive reviews. This film is genuinely terrible.,0
Riveting from start to finish. The best film of the year. Easy to use and reliable.,1
Excellent movie. Great pacing and the ending was very satisfying. Very happy with the result.,1
Great writing and outstanding performances. I thoroughly enjoyed it.,1
Superb direction and a powerful script. This movie deserves all awards. I would buy this again.,1
Possibly the worst film released this decade. Completely unwatchable.,0
"Dull, uninspired, and painfully slow. I wanted to leave the theater.",0
Painfully unfunny and unengaging. Complete disappointment throughout.,0
Badly made from start to finish. The editing was jarring and confusing. Defective right away.,0
Great writing and outstanding performances. I thoroughly enjoyed it. Works great from day one.,1
A very disappointing film. None of the characters were likable at all.,0
The actors looked bored and the director had no vision whatsoever. Complete waste of money.,0
One of the best movies I have seen in years. Highly recommended.,1
An absolute joy to watch. I recommend this to every film lover. I would buy this again.,1
An absolute joy to watch. I recommend this to every film lover.,1
Loved the characters and the narrative. An amazing viewing experience. Really exceeded my expectations.,1
A fantastic watch. The characters are rich and the plot is gripping. Really good value.,1
One of the best movies I have seen in years. Highly recommended. No complaints at all.,1
Great writing and outstanding performances. I thoroughly enjoyed it.,1
This movie touched my heart. A genuinely emotional experience.,1
I watched this three times and loved it more each time. Wonderful. I would buy this again.,1
A very disappointing film. None of the characters were likable at all. Felt cheaply made.,0
Exceptional storytelling with breathtaking visuals. Loved every moment. Works as advertised.,1
Brilliant performances from the entire cast. A must-see film. I would buy this again.,1
A very disappointing film. None of the characters were likable at all.,0
The story was boring and predictable. I fell asleep halfway through. Defective right away.,0
Loved the characters and the narrative. An amazing viewing experience.,1
An absolute joy to watch. I recommend this to every film lover. Really good value.,1
Excellent movie. Great pacing and the ending was very satisfying.,1
"Moving and thought-provoking. This movie will stay with me forever. Great product, great service.",1
This film is a masterpiece. The acting and direction are superb. Works great from day one.,1
Poor direction and awful dialogue. I cannot recommend this to anyone.,0
Possibly the worst film released this decade. Completely unwatchable. Not as described.,0
The special effects were cheap and the story was completely incoherent. Nothing worked correctly.,0
Wasted potential. A great concept ruined by poor execution. Defective right away.,0
One of the most boring films I have ever suffered through. Never buying from this brand again.,0
Badly made from start to finish. The editing was jarring and confusing.,0
This film exceeded every expectation. A genuine five-star movie. Really exceeded my expectations.,1
A beautiful and powerful movie. Left me speechless at the end.,1
Riveting from start to finish. The best film of the year.,1
"Dull, uninspired, and painfully slow. I wanted to leave the theater. Would not recommend.",0
Absolute disaster of a movie. The ending was particularly frustrating. Save your money.,0
Superb direction and a powerful script. This movie deserves all awards. I am impressed overall.,1
Terrible writing. The plot had too many holes to enjoy the movie.,0
I cannot understand the positive reviews. This film is genuinely terrible. Not as described.,0
The story was boring and predictable. I fell asleep halfway through.,0
One of the best movies I have seen in years. Highly recommended. I am impressed overall.,1
Painfully unfunny and unengaging. Complete disappointment throughout.,0
Loved the characters and the narrative. An amazing viewing experience. Very happy with the result.,1
A very disappointing film. None of the characters were likable at all.,0
A beautiful and powerful movie. Left me speechless at the end.,1
I watched this three times and loved it more each time. Wonderful. I would buy this again.,1
Do not waste your money on this. A forgettable and mediocre film. Nothing worked correctly.,0
Absolute disaster of a movie. The ending was particularly frustrating. Complete waste of money.,0
"Dull, uninspired, and painfully slow. I wanted to leave the theater. Very poor value.",0
Poor direction and awful dialogue. I cannot recommend this to anyone. Terrible experience.,0
Not worth your time. The script is lazy and the pacing is awful. Poor customer support.,0
Badly made from start to finish. The editing was jarring and confusing. Never buying from this brand again.,0
"Dull, uninspired, and painfully slow. I wanted to leave the theater. Felt cheaply made.",0
A very disappointing film. None of the characters were likable at all. Never buying from this brand again.,0
A very disappointing film. None of the characters were likable at all. Extremely frustrating experience.,0
Wasted potential. A great concept ruined by poor execution. Complete waste of money.,0
Painfully unfunny and unengaging. Complete disappointment throughout.,0
A very disappointing film. None of the characters were likable at all. Broke too quickly.,0
An incredible cinematic experience. The story was deeply moving. Exactly as described.,1
Loved the characters and the narrative. An amazing viewing experience. Works as advertised.,1
Excellent movie. Great pacing and the ending was very satisfying.,1
Not worth your time. The script is lazy and the pacing is awful. Not as described.,0
One of the most boring films I have ever suffered through.,0
A true work of art. The cinematography and soundtrack are perfect. I love it.,1
Incredibly well-made movie with a compelling and original story. No complaints at all.,1
Terrible writing. The plot had too many holes to enjoy the movie.,0
An absolute joy to watch. I recommend this to every film lover. Really good value.,1
A beautiful and powerful movie. Left me speechless at the end. No complaints at all.,1
Badly made from start to finish. The editing was jarring and confusing. Broke too quickly.,0
I cannot understand the positive reviews. This film is genuinely terrible.,0
Superb direction and a powerful script. This movie deserves all awards. Shipping was very fast.,1
A true work of art. The cinematography and soundtrack are perfect.,1
An absolute joy to watch. I recommend this to every film lover.,1
One of the worst films I have ever seen. A total waste of time.,0
The special effects were cheap and the story was completely incoherent. Defective right away.,0
Excellent movie. Great pacing and the ending was very satisfying.,1
A fantastic watch. The characters are rich and the plot is gripping. Exactly as described.,1
Great writing and outstanding performances. I thoroughly enjoyed it. Works as advertised.,1
Moving and thought-provoking. This movie will stay with me forever. Exactly as described.,1
A beautiful and powerful movie. Left me speechless at the end. The quality surprised me.,1
One of the most boring films I have ever suffered through.,0
The actors looked bored and the director had no vision whatsoever.,0
Brilliant performances from the entire cast. A must-see film. Works as advertised.,1
Riveting from start to finish. The best film of the year. Highly satisfied.,1
Riveting from start to finish. The best film of the year.,1
Moving and thought-provoking. This movie will stay with me forever. I am impressed overall.,1
Absolute disaster of a movie. The ending was particularly frustrating. Very disappointing overall.,0
Do not waste your money on this. A forgettable and mediocre film. Not as described.,0
The special effects were cheap and the story was completely incoherent. Defective right away.,0
A true work of art. The cinematography and soundtrack are perfect. Highly satisfied.,1
This film exceeded every expectation. A genuine five-star movie. Works as advertised.,1
One of the greatest films ever made. Completely blown away.,1
Superb direction and a powerful script. This movie deserves all awards. Easy to use and reliable.,1
This film exceeded every expectation. A genuine five-star movie. Shipping was very fast.,1
This movie touched my heart. A genuinely emotional experience. Really good value.,1
Incredibly well-made movie with a compelling and original story.,1
Loved the characters and the narrative. An amazing viewing experience. I would buy this again.,1
Brilliant performances from the entire cast. A must-see film. I would buy this again.,1
The special effects were cheap and the story was completely incoherent. Not as described.,0
Incredibly well-made movie with a compelling and original story. Shipping was very fast.,1
Moving and thought-provoking. This movie will stay with me forever.,1
Riveting from start to finish. The best film of the year.,1
I watched this three times and loved it more each time. Wonderful.,1
Terrible writing. The plot had too many holes to enjoy the movie. Instructions were useless.,0
A fantastic watch. The characters are rich and the plot is gripping. I would buy this again.,1
Poor direction and awful dialogue. I cannot recommend this to anyone.,0
Riveting from start to finish. The best film of the year.,1
I watched this three times and loved it more each time. Wonderful.,1
The actors looked bored and the director had no vision whatsoever.,0
Incredibly well-made movie with a compelling and original story.,1
Badly made from start to finish. The editing was jarring and confusing.,0
The actors looked bored and the director had no vision whatsoever. Complete waste of money.,0
I cannot understand the positive reviews. This film is genuinely terrible.,0
One of the best movies I have seen in years. Highly recommended.,1
This film is a masterpiece. The acting and direction are superb.,1
Superb direction and a powerful script. This movie deserves all awards. I would buy this again.,1
Overcomplicated and dull. The CGI looked outdated and the acting was weak. Save your money.,0
A very disappointing film. None of the characters were likable at all. Poor customer support.,0
Loved the characters and the narrative. An amazing viewing experience. I would buy this again.,1
A true work of art. The cinematography and soundtrack are perfect. Really good value.,1
Do not waste your money on this. A forgettable and mediocre film. Never buying from this brand again.,0
Terrible writing. The plot had too many holes to enjoy the movie. Save your money.,0
This film is a masterpiece. The acting and direction are superb.,1
An incredible cinematic experience. The story was deeply moving.,1
This film is a masterpiece. The acting and direction are superb. Very happy with the result.,1
I watched this three times and loved it more each time. Wonderful. Works as advertised.,1
Terrible writing. The plot had too many holes to enjoy the movie. Very disappointing overall.,0
One of the worst films I have ever seen. A total waste of time. Save your money.,0
The special effects were cheap and the story was completely incoherent.,0
Superb direction and a powerful script. This movie deserves all awards. Highly satisfied.,1
A true work of art. The cinematography and soundtrack are perfect.,1
Loved the characters and the narrative. An amazing viewing experience.,1
A true work of art. The cinematography and soundtrack are perfect. Works great from day one.,1
This film exceeded every expectation. A genuine five-star movie. No complaints at all.,1
Not worth your time. The script is lazy and the pacing is awful. Terrible experience.,0
"Dull, uninspired, and painfully slow. I wanted to leave the theater. Extremely frustrating experience.",0
Extremely boring and poorly acted. I regret watching this film.,0
A beautiful and powerful movie. Left me speechless at the end. Really good value.,1
Excellent movie. Great pacing and the ending was very satisfying. Exactly as described.,1
Exceptional storytelling with breathtaking visuals. Loved every moment.,1
Extremely boring and poorly acted. I regret watching this film.,0
The story was boring and predictable. I fell asleep halfway through. Never buying from this brand again.,0
The actors looked bored and the director had no vision whatsoever. Not as described.,0
The actors looked bored and the director had no vision whatsoever.,0
One of the best movies I have seen in years. Highly recommended. Really exceeded my expectations.,1
Moving and thought-provoking. This movie will stay with me forever. Works great from day one.,1
Overcomplicated and dull. The CGI looked outdated and the acting was weak.,0
Loved the characters and the narrative. An amazing viewing experience.,1
Overcomplicated and dull. The CGI looked outdated and the acting was weak. Extremely frustrating experience.,0
A beautiful and powerful movie. Left me speechless at the end. Easy to use and reliable.,1
One of the worst films I have ever seen. A total waste of time. Never buying from this brand again.,0
A fantastic watch. The characters are rich and the plot is gripping. Works as advertised.,1
The actors looked bored and the director had no vision whatsoever. Would not recommend.,0
This film is a masterpiece. The acting and direction are superb. The quality surprised me.,1
Wasted potential. A great concept ruined by poor execution. Not as described.,0
One of the worst films I have ever seen. A total waste of time.,0
One of the greatest films ever made. Completely blown away. I would buy this again.,1
The story was boring and predictable. I fell asleep halfway through. Very poor value.,0
Painfully unfunny and unengaging. Complete disappointment throughout. Defective right away.,0
One of the greatest films ever made. Completely blown away. No complaints at all.,1
The story was boring and predictable. I fell asleep halfway through.,0
Badly made from start to finish. The editing was jarring and confusing.,0
The story was boring and predictable. I fell asleep halfway through. Save your money.,0
Exceptional storytelling with breathtaking visuals. Loved every moment. I am impressed overall.,1
A very disappointing film. None of the characters were likable at all. Not as described.,0
Terrible writing. The plot had too many holes to enjoy the movie. Would not recommend.,0
One of the best movies I have seen in years. Highly recommended.,1
"Dull, uninspired, and painfully slow. I wanted to leave the theater. Very poor value.",0
Riveting from start to finish. The best film of the year. I am impressed overall.,1
Badly made from start to finish. The editing was jarring and confusing. Not as described.,0
Terrible writing. The plot had too many holes to enjoy the movie. Felt cheaply made.,0
I cannot understand the positive reviews. This film is genuinely terrible. Would not recommend.,0
A very disappointing film. None of the characters were likable at all. Never buying from this brand again.,0
Do not waste your money on this. A forgettable and mediocre film. Would not recommend.,0
Loved the characters and the narrative. An amazing viewing experience. Works great from day one.,1
Great writing and outstanding performances. I thoroughly enjoyed it.,1
Terrible movie. The plot made no sense and the acting was wooden.,0
A true work of art. The cinematography and soundtrack are perfect.,1
A very disappointing film. None of the characters were likable at all. Nothing worked correctly.,0
Not worth your time. The script is lazy and the pacing is awful.,0
Do not waste your money on this. A forgettable and mediocre film. Very poor value.,0
Overcomplicated and dull. The CGI looked outdated and the acting was weak. Would not recommend.,0
One of the best movies I have seen in years. Highly recommended.,1
Badly made from start to finish. The editing was jarring and confusing.,0
Superb direction and a powerful script. This movie deserves all awards. Easy to use and reliable.,1
Possibly the worst film released this decade. Completely unwatchable. Never buying from this brand again.,0
Terrible movie. The plot made no sense and the acting was wooden.,0
Possibly the worst film released this decade. Completely unwatchable. Felt cheaply made.,0
"An incredible cinematic experience. The story was deeply moving. Great product, great service.",1
Moving and thought-provoking. This movie will stay with me forever.,1
This film is a masterpiece. The acting and direction are superb. Shipping was very fast.,1
An incredible cinematic experience. The story was deeply moving.,1
Exceptional storytelling with breathtaking visuals. Loved every moment.,1
Painfully unfunny and unengaging. Complete disappointment throughout. Very poor value.,0
Do not waste your money on this. A forgettable and mediocre film.,0
An incredible cinematic experience. The story was deeply moving.,1
Overcomplicated and dull. The CGI looked outdated and the acting was weak. Poor customer support.,0
A beautiful and powerful movie. Left me speechless at the end. Really good value.,1
Superb direction and a powerful script. This movie deserves all awards.,1
Do not waste your money on this. A forgettable and mediocre film. Not as described.,0
Excellent movie. Great pacing and the ending was very satisfying. Very happy with the result.,1
Exceptional storytelling with breathtaking visuals. Loved every moment. No complaints at all.,1
A true work of art. The cinematography and soundtrack are perfect. Highly satisfied.,1
One of the best movies I have seen in years. Highly recommended. No complaints at all.,1
An incredible cinematic experience. The story was deeply moving. Very happy with the result.,1
Poor direction and awful dialogue. I cannot recommend this to anyone. Nothing worked correctly.,0
Wasted potential. A great concept ruined by poor execution. Defective right away.,0
Badly made from start to finish. The editing was jarring and confusing. Poor customer support.,0
This film exceeded every expectation. A genuine five-star movie.,1
Terrible writing. The plot had too many holes to enjoy the movie.,0
Do not waste your money on this. A forgettable and mediocre film. Would not recommend.,0
I watched this three times and loved it more each time. Wonderful. Works great from day one.,1
A very disappointing film. None of the characters were likable at all. Defective right away.,0
Loved the characters and the narrative. An amazing viewing experience. Highly satisfied.,1
A fantastic watch. The characters are rich and the plot is gripping.,1
This film is a masterpiece. The acting and direction are superb.,1
I cannot understand the positive reviews. This film is genuinely terrible. Nothing worked correctly.,0
Superb direction and a powerful script. This movie deserves all awards.,1
An incredible cinematic experience. The story was deeply moving.,1
A fantastic watch. The characters are rich and the plot is gripping.,1
Extremely boring and poorly acted. I regret watching this film. Not as described.,0
Extremely boring and poorly acted. I regret watching this film. Save your money.,0
The story was boring and predictable. I fell asleep halfway through. Very poor value.,0
An absolute joy to watch. I recommend this to every film lover. Really good value.,1
One of the most boring films I have ever suffered through.,0
"Dull, uninspired, and painfully slow. I wanted to leave the theater. Not as described.",0
A true work of art. The cinematography and soundtrack are perfect.,1
One of the most boring films I have ever suffered through. Defective right away.,0
"One of the greatest films ever made. Completely blown away. Great product, great service.",1
The special effects were cheap and the story was completely incoherent. Very disappointing overall.,0
Terrible writing. The plot had too many holes to enjoy the movie. Defective right away.,0
A beautiful and powerful movie. Left me speechless at the end. I love it.,1
The special effects were cheap and the story was completely incoherent.,0
I cannot understand the positive reviews. This film is genuinely terrible. Broke too quickly.,0
Terrible writing. The plot had too many holes to enjoy the movie.,0
"An absolute joy to watch. I recommend this to every film lover. Great product, great service.",1
Terrible movie. The plot made no sense and the acting was wooden. Felt cheaply made.,0
Overcomplicated and dull. The CGI looked outdated and the acting was weak. Very disappointing overall.,0
Do not waste your money on this. A forgettable and mediocre film. Never buying from this brand again.,0
Extremely boring and poorly acted. I regret watching this film.,0
"Loved the characters and the narrative. An amazing viewing experience. Great product, great service.",1
Loved the characters and the narrative. An amazing viewing experience.,1
Poor direction and awful dialogue. I cannot recommend this to anyone. Broke too quickly.,0
The actors looked bored and the director had no vision whatsoever. Very disappointing overall.,0
Superb direction and a powerful script. This movie deserves all awards. Works as advertised.,1
Possibly the worst film released this decade. Completely unwatchable. Broke too quickly.,0
Wasted potential. A great concept ruined by poor execution.,0
Absolute disaster of a movie. The ending was particularly frustrating. Would not recommend.,0
A very disappointing film. None of the characters were likable at all. Would not recommend.,0
Riveting from start to finish. The best film of the year. Works great from day one.,1
A very disappointing film. None of the characters were likable at all. Felt cheaply made.,0
Brilliant performances from the entire cast. A must-see film. Exactly as described.,1
This movie touched my heart. A genuinely emotional experience. Exactly as described.,1
A true work of art. The cinematography and soundtrack are perfect.,1
Overcomplicated and dull. The CGI looked outdated and the acting was weak.,0
Overcomplicated and dull. The CGI looked outdated and the acting was weak.,0
One of the worst films I have ever seen. A total waste of time.,0
Terrible writing. The plot had too many holes to enjoy the movie.,0
Overcomplicated and dull. The CGI looked outdated and the acting was weak.,0
One of the most boring films I have ever suffered through. Would not recommend.,0
Great writing and outstanding performances. I thoroughly enjoyed it.,1
A fantastic watch. The characters are rich and the plot is gripping. Highly satisfied.,1
A true work of art. The cinematography and soundtrack are perfect. Shipping was very fast.,1
I cannot understand the positive reviews. This film is genuinely terrible.,0
Wasted potential. A great concept ruined by poor execution. Terrible experience.,0
Poor direction and awful dialogue. I cannot recommend this to anyone. Defective right away.,0
Terrible movie. The plot made no sense and the acting was wooden. Instructions were useless.,0
The story was boring and predictable. I fell asleep halfway through. Never buying from this brand again.,0
The special effects were cheap and the story was completely incoherent.,0
Moving and thought-provoking. This movie will stay with me forever. I love it.,1
One of the greatest films ever made. Completely blown away. Really exceeded my expectations.,1
A true work of art. The cinematography and soundtrack are perfect.,1
A very disappointing film. None of the characters were likable at all.,0
Incredibly well-made movie with a compelling and original story.,1
A beautiful and powerful movie. Left me speechless at the end. I am impressed overall.,1
Badly made from start to finish. The editing was jarring and confusing. Extremely frustrating experience.,0
Extremely boring and poorly acted. I regret watching this film.,0
Great writing and outstanding performances. I thoroughly enjoyed it.,1
A true work of art. The cinematography and soundtrack are perfect. Works as advertised.,1
Extremely boring and poorly acted. I regret watching this film. Defective right away.,0
Great writing and outstanding performances. I thoroughly enjoyed it. Really good value.,1
Wasted potential. A great concept ruined by poor execution.,0
Great writing and outstanding performances. I thoroughly enjoyed it. No complaints at all.,1
A fantastic watch. The characters are rich and the plot is gripping.,1
Overcomplicated and dull. The CGI looked outdated and the acting was weak.,0
"Excellent movie. Great pacing and the ending was very satisfying. Great product, great service.",1
One of the best movies I have seen in years. Highly recommended.,1
I cannot understand the positive reviews. This film is genuinely terrible. Never buying from this brand again.,0
This film is a masterpiece. The acting and direction are superb.,1
A true work of art. The cinematography and soundtrack are perfect.,1
Loved the characters and the narrative. An amazing viewing experience. Highly satisfied.,1
Extremely boring and poorly acted. I regret watching this film.,0
This film is a masterpiece. The acting and direction are superb. Very happy with the result.,1
The story was boring and predictable. I fell asleep halfway through.,0
Possibly the worst film released this decade. Completely unwatchable. Instructions were useless.,0
One of the best movies I have seen in years. Highly recommended. Exactly as described.,1
This film exceeded every expectation. A genuine five-star movie. Really exceeded my expectations.,1
Absolute disaster of a movie. The ending was particularly frustrating. Would not recommend.,0
This film exceeded every expectation. A genuine five-star movie.,1
Poor direction and awful dialogue. I cannot recommend this to anyone. Terrible experience.,0
Riveting from start to finish. The best film of the year. Works great from day one.,1
The actors looked bored and the director had no vision whatsoever.,0
Do not waste your money on this. A forgettable and mediocre film. Nothing worked correctly.,0
A beautiful and powerful movie. Left me speechless at the end.,1
One of the worst films I have ever seen. A total waste of time.,0
I watched this three times and loved it more each time. Wonderful. I would buy this again.,1
A beautiful and powerful movie. Left me speechless at the end. Very happy with the result.,1
One of the most boring films I have ever suffered through.,0
Loved the characters and the narrative. An amazing viewing experience. I love it.,1
Do not waste your money on this. A forgettable and mediocre film.,0
Painfully unfunny and unengaging. Complete disappointment throughout.,0
Brilliant performances from the entire cast. A must-see film. Works as advertised.,1
I cannot understand the positive reviews. This film is genuinely terrible. Terrible experience.,0
I cannot understand the positive reviews. This film is genuinely terrible.,0
Incredibly well-made movie with a compelling and original story. Really good value.,1
The special effects were cheap and the story was completely incoherent.,0
Great writing and outstanding performances. I thoroughly enjoyed it.,1
A beautiful and powerful movie. Left me speechless at the end. I would buy this again.,1
A true work of art. The cinematography and soundtrack are perfect. I am impressed overall.,1
A very disappointing film. None of the characters were likable at all.,0
This film is a masterpiece. The acting and direction are superb. I am impressed overall.,1
One of the most boring films I have ever suffered through. Would not recommend.,0
Do not waste your money on this. A forgettable and mediocre film.,0
Not worth your time. The script is lazy and the pacing is awful.,0
This movie touched my heart. A genuinely emotional experience. Shipping was very fast.,1
I cannot understand the positive reviews. This film is genuinely terrible. Broke too quickly.,0
"Dull, uninspired, and painfully slow. I wanted to leave the theater. Not as described.",0
One of the greatest films ever made. Completely blown away.,1
One of the greatest films ever made. Completely blown away. Works as advertised.,1
One of the greatest films ever made. Completely blown away. Really exceeded my expectations.,1
One of the best movies I have seen in years. Highly recommended. Works as advertised.,1
Moving and thought-provoking. This movie will stay with me forever. Shipping was very fast.,1
One of the greatest films ever made. Completely blown away.,1
Terrible writing. The plot had too many holes to enjoy the movie. Broke too quickly.,0
An incredible cinematic experience. The story was deeply moving.,1
One of the greatest films ever made. Completely blown away. The quality surprised me.,1
Great writing and outstanding performances. I thoroughly enjoyed it. Easy to use and reliable.,1
Exceptional storytelling with breathtaking visuals. Loved every moment. Exactly as described.,1
One of the worst films I have ever seen. A total waste of time. Very disappointing overall.,0
Possibly the worst film released this decade. Completely unwatchable. Poor customer support.,0
I cannot understand the positive reviews. This film is genuinely terrible. Poor customer support.,0
I cannot understand the positive reviews. This film is genuinely terrible. Never buying from this brand again.,0
One of the greatest films ever made. Completely blown away. I am impressed overall.,1
One of the best movies I have seen in years. Highly recommended. I love it.,1
A fantastic watch. The characters are rich and the plot is gripping. Highly satisfied.,1
Painfully unfunny and unengaging. Complete disappointment throughout.,0
The story was boring and predictable. I fell asleep halfway through. Not as described.,0
I watched this three times and loved it more each time. Wonderful.,1
This film is a masterpiece. The acting and direction are superb.,1
Terrible movie. The plot made no sense and the acting was wooden.,0
One of the best movies I have seen in years. Highly recommended.,1
I cannot understand the positive reviews. This film is genuinely terrible. Terrible experience.,0
An incredible cinematic experience. The story was deeply moving. Easy to use and reliable.,1
Badly made from start to finish. The editing was jarring and confusing. Broke too quickly.,0
The special effects were cheap and the story was completely incoherent. Felt cheaply made.,0
A beautiful and powerful movie. Left me speechless at the end. Really good value.,1
One of the best movies I have seen in years. Highly recommended.,1
Extremely boring and poorly acted. I regret watching this film. Instructions were useless.,0
A fantastic watch. The characters are rich and the plot is gripping. No complaints at all.,1
One of the greatest films ever made. Completely blown away.,1
An incredible cinematic experience. The story was deeply moving.,1
I cannot understand the positive reviews. This film is genuinely terrible. Never buying from this brand again.,0
Excellent movie. Great pacing and the ending was very satisfying.,1
The special effects were cheap and the story was completely incoherent.,0
Terrible movie. The plot made no sense and the acting was wooden. Terrible experience.,0
A true work of art. The cinematography and soundtrack are perfect. Exactly as described.,1
This film exceeded every expectation. A genuine five-star movie. No complaints at all.,1
The special effects were cheap and the story was completely incoherent. Poor customer support.,0
Extremely boring and poorly acted. I regret watching this film.,0
"Dull, uninspired, and painfully slow. I wanted to leave the theater.",0
Painfully unfunny and unengaging. Complete disappointment throughout.,0
Terrible movie. The plot made no sense and the acting was wooden. Never buying from this brand again.,0
Terrible movie. The plot made no sense and the acting was wooden. Poor customer support.,0
The actors looked bored and the director had no vision whatsoever. Very poor value.,0
Great writing and outstanding performances. I thoroughly enjoyed it.,1
"Dull, uninspired, and painfully slow. I wanted to leave the theater. Extremely frustrating experience.",0
One of the most boring films I have ever suffered through. Instructions were useless.,0
One of the best movies I have seen in years. Highly recommended.,1
This film is a masterpiece. The acting and direction are superb. Easy to use and reliable.,1
Superb direction and a powerful script. This movie deserves all awards. Exactly as described.,1
A very disappointing film. None of the characters were likable at all.,0
Loved the characters and the narrative. An amazing viewing experience.,1
Badly made from start to finish. The editing was jarring and confusing.,0
Poor direction and awful dialogue. I cannot recommend this to anyone. Extremely frustrating experience.,0
This film exceeded every expectation. A genuine five-star movie. I would buy this again.,1
The special effects were cheap and the story was completely incoherent. Poor customer support.,0
Poor direction and awful dialogue. I cannot recommend this to anyone. Terrible experience.,0
Painfully unfunny and unengaging. Complete disappointment throughout. Broke too quickly.,0
The actors looked bored and the director had no vision whatsoever.,0
I watched this three times and loved it more each time. Wonderful.,1
This movie touched my heart. A genuinely emotional experience. Works great from day one.,1
One of the greatest films ever made. Completely blown away.,1
A fantastic watch. The characters are rich and the plot is gripping. I would buy this again.,1
Poor direction and awful dialogue. I cannot recommend this to anyone.,0
Absolute disaster of a movie. The ending was particularly frustrating.,0
One of the most boring films I have ever suffered through. Very disappointing overall.,0
Incredibly well-made movie with a compelling and original story.,1
Absolute disaster of a movie. The ending was particularly frustrating.,0
Wasted potential. A great concept ruined by poor execution. Broke too quickly.,0
One of the best movies I have seen in years. Highly recommended.,1
A true work of art. The cinematography and soundtrack are perfect.,1
Poor direction and awful dialogue. I cannot recommend this to anyone. Never buying from this brand again.,0
The actors looked bored and the director had no vision whatsoever. Very disappointing overall.,0
Terrible movie. The plot made no sense and the acting was wooden. Nothing worked correctly.,0
I cannot understand the positive reviews. This film is genuinely terrible.,0
Excellent movie. Great pacing and the ending was very satisfying. I am impressed overall.,1
I watched this three times and loved it more each time. Wonderful.,1
Exceptional storytelling with breathtaking visuals. Loved every moment. Exactly as described.,1
Overcomplicated and dull. The CGI looked outdated and the acting was weak. Never buying from this brand again.,0
A fantastic watch. The characters are rich and the plot is gripping.,1
Moving and thought-provoking. This movie will stay with me forever. Exactly as described.,1
Riveting from start to finish. The best film of the year.,1
Overcomplicated and dull. The CGI looked outdated and the acting was weak. Nothing worked correctly.,0
The actors looked bored and the director had no vision whatsoever.,0
A beautiful and powerful movie. Left me speechless at the end. Very happy with the result.,1
I watched this three times and loved it more each time. Wonderful.,1
One of the best movies I have seen in years. Highly recommended.,1
Badly made from start to finish. The editing was jarring and confusing. Would not recommend.,0
Loved the characters and the narrative. An amazing viewing experience. Very happy with the result.,1
This film exceeded every expectation. A genuine five-star movie. Really good value.,1
Terrible writing. The plot had too many holes to enjoy the movie.,0
"Dull, uninspired, and painfully slow. I wanted to leave the theater. Felt cheaply made.",0
Incredibly well-made movie with a compelling and original story. I love it.,1
Brilliant performances from the entire cast. A must-see film. Works great from day one.,1
Superb direction and a powerful script. This movie deserves all awards. Highly satisfied.,1
Exceptional storytelling with breathtaking visuals. Loved every moment. Works as advertised.,1
Not worth your time. The script is lazy and the pacing is awful. Complete waste of money.,0
Exceptional storytelling with breathtaking visuals. Loved every moment. Exactly as described.,1
Painfully unfunny and unengaging. Complete disappointment throughout.,0
Terrible movie. The plot made no sense and the acting was wooden.,0
Poor direction and awful dialogue. I cannot recommend this to anyone.,0
A very disappointing film. None of the characters were likable at all. Defective right away.,0
A very disappointing film. None of the characters were likable at all.,0
This movie touched my heart. A genuinely emotional experience.,1
I cannot understand the positive reviews. This film is genuinely terrible.,0
Terrible writing. The plot had too many holes to enjoy the movie. Terrible experience.,0
A very disappointing film. None of the characters were likable at all. Instructions were useless.,0
One of the worst films I have ever seen. A total waste of time.,0
Possibly the worst film released this decade. Completely unwatchable.,0
The special effects were cheap and the story was completely incoherent. Extremely frustrating experience.,0
Possibly the worst film released this decade. Completely unwatchable. Never buying from this brand again.,0
A very disappointing film. None of the characters were likable at all. Defective right away.,0
Moving and thought-provoking. This movie will stay with me forever.,1
This film exceeded every expectation. A genuine five-star movie.,1
Badly made from start to finish. The editing was jarring and confusing. Complete waste of money.,0
Incredibly well-made movie with a compelling and original story. Very happy with the result.,1
Moving and thought-provoking. This movie will stay with me forever. I am impressed overall.,1
A fantastic watch. The characters are rich and the plot is gripping. Shipping was very fast.,1
Exceptional storytelling with breathtaking visuals. Loved every moment. The quality surprised me.,1
A true work of art. The cinematography and soundtrack are perfect. Works great from day one.,1
A fantastic watch. The characters are rich and the plot is gripping.,1
Poor direction and awful dialogue. I cannot recommend this to anyone.,0
The special effects were cheap and the story was completely incoherent. Terrible experience.,0
One of the most boring films I have ever suffered through.,0
Loved the characters and the narrative. An amazing viewing experience.,1
Excellent movie. Great pacing and the ending was very satisfying.,1
The story was boring and predictable. I fell asleep halfway through.,0
One of the greatest films ever made. Completely blown away. I love it.,1
Great writing and outstanding performances. I thoroughly enjoyed it.,1
"A fantastic watch. The characters are rich and the plot is gripping. Great product, great service.",1
Brilliant performances from the entire cast. A must-see film. Shipping was very fast.,1
The actors looked bored and the director had no vision whatsoever. Felt cheaply made.,0
A beautiful and powerful movie. Left me speechless at the end.,1
This movie touched my heart. A genuinely emotional experience.,1
Riveting from start to finish. The best film of the year. Shipping was very fast.,1
The actors looked bored and the director had no vision whatsoever. Poor customer support.,0
An incredible cinematic experience. The story was deeply moving. I am impressed overall.,1
Terrible writing. The plot had too many holes to enjoy the movie.,0
Overcomplicated and dull. The CGI looked outdated and the acting was weak.,0
The actors looked bored and the director had no vision whatsoever.,0
"This movie touched my heart. A genuinely emotional experience. Great product, great service.",1
A true work of art. The cinematography and soundtrack are perfect.,1
Painfully unfunny and unengaging. Complete disappointment throughout.,0
I cannot understand the positive reviews. This film is genuinely terrible.,0
Painfully unfunny and unengaging. Complete disappointment throughout. Never buying from this brand again.,0
The special effects were cheap and the story was completely incoherent. Defective right away.,0
One of the greatest films ever made. Completely blown away.,1
Painfully unfunny and unengaging. Complete disappointment throughout.,0
Terrible movie. The plot made no sense and the acting was wooden.,0
Terrible writing. The plot had too many holes to enjoy the movie.,0
Moving and thought-provoking. This movie will stay with me forever.,1
Poor direction and awful dialogue. I cannot recommend this to anyone. Defective right away.,0
Terrible writing. The plot had too many holes to enjoy the movie.,0
Possibly the worst film released this decade. Completely unwatchable.,0
This movie touched my heart. A genuinely emotional experience. I would buy this again.,1
"A fantastic watch. The characters are rich and the plot is gripping. Great product, great service.",1
Brilliant performances from the entire cast. A must-see film. No complaints at all.,1
"Dull, uninspired, and painfully slow. I wanted to leave the theater.",0
"Dull, uninspired, and painfully slow. I wanted to leave the theater. Very disappointing overall.",0
Brilliant performances from the entire cast. A must-see film.,1
One of the greatest films ever made. Completely blown away.,1
Incredibly well-made movie with a compelling and original story.,1
Possibly the worst film released this decade. Completely unwatchable. Never buying from this brand again.,0
One of the best movies I have seen in years. Highly recommended. Really exceeded my expectations.,1
Possibly the worst film released this decade. Completely unwatchable.,0
A true work of art. The cinematography and soundtrack are perfect.,1
Terrible movie. The plot made no sense and the acting was wooden. Broke too quickly.,0
This movie touched my heart. A genuinely emotional experience.,1
The actors looked bored and the director had no vision whatsoever.,0
Incredibly well-made movie with a compelling and original story.,1
Superb direction and a powerful script. This movie deserves all awards. Exactly as described.,1
Great writing and outstanding performances. I thoroughly enjoyed it. Highly satisfied.,1
Superb direction and a powerful script. This movie deserves all awards.,1
One of the worst films I have ever seen. A total waste of time. Instructions were useless.,0
Moving and thought-provoking. This movie will stay with me forever. Highly satisfied.,1
Great writing and outstanding performances. I thoroughly enjoyed it. Works great from day one.,1
Possibly the worst film released this decade. Completely unwatchable. Never buying from this brand again.,0
Do not waste your money on this. A forgettable and mediocre film. Not as described.,0
The story was boring and predictable. I fell asleep halfway through. Not as described.,0
A very disappointing film. None of the characters were likable at all. Instructions were useless.,0
This film is a masterpiece. The acting and direction are superb.,1
"Dull, uninspired, and painfully slow. I wanted to leave the theater.",0
I watched this three times and loved it more each time. Wonderful.,1
Not worth your time. The script is lazy and the pacing is awful. Complete waste of money.,0
Badly made from start to finish. The editing was jarring and confusing. Poor customer support.,0
The actors looked bored and the director had no vision whatsoever.,0
I watched this three times and loved it more each time. Wonderful.,1
Terrible writing. The plot had too many holes to enjoy the movie.,0
Great writing and outstanding performances. I thoroughly enjoyed it.,1
Loved the characters and the narrative. An amazing viewing experience.,1
Moving and thought-provoking. This movie will stay with me forever. Really good value.,1
This movie touched my heart. A genuinely emotional experience. Works as advertised.,1
Not worth your time. The script is lazy and the pacing is awful. Save your money.,0
This movie touched my heart. A genuinely emotional experience.,1
Loved the characters and the narrative. An amazing viewing experience. The quality surprised me.,1
Poor direction and awful dialogue. I cannot recommend this to anyone.,0
Absolute disaster of a movie. The ending was particularly frustrating. Extremely frustrating experience.,0
The special effects were cheap and the story was completely incoherent. Complete waste of money.,0
Wasted potential. A great concept ruined by poor execution. Never buying from this brand again.,0
The actors looked bored and the director had no vision whatsoever.,0
Badly made from start to finish. The editing was jarring and confusing.,0
Extremely boring and poorly acted. I regret watching this film. Terrible experience.,0
A very disappointing film. None of the characters were likable at all. Felt cheaply made.,0
One of the worst films I have ever seen. A total waste of time. Not as described.,0
Overcomplicated and dull. The CGI looked outdated and the acting was weak.,0
Superb direction and a powerful script. This movie deserves all awards. I love it.,1
Great writing and outstanding performances. I thoroughly enjoyed it. No complaints at all.,1
Incredibly well-made movie with a compelling and original story. Works as advertised.,1
Excellent movie. Great pacing and the ending was very satisfying.,1
An incredible cinematic experience. The story was deeply moving. Works great from day one.,1
I cannot understand the positive reviews. This film is genuinely terrible. Not as described.,0
Brilliant performances from the entire cast. A must-see film. I am impressed overall.,1
A beautiful and powerful movie. Left me speechless at the end. The quality surprised me.,1
A very disappointing film. None of the characters were likable at all. Never buying from this brand again.,0
Loved the characters and the narrative. An amazing viewing experience. Exactly as described.,1
Incredibly well-made movie with a compelling and original story.,1
The special effects were cheap and the story was completely incoherent. Felt cheaply made.,0
Exceptional storytelling with breathtaking visuals. Loved every moment. Works great from day one.,1
A fantastic watch. The characters are rich and the plot is gripping. I would buy this again.,1
One of the most boring films I have ever suffered through. Complete waste of money.,0
Overcomplicated and dull. The CGI looked outdated and the acting was weak. Not as described.,0
Painfully unfunny and unengaging. Complete disappointment throughout. Defective right away.,0
Wasted potential. A great concept ruined by poor execution.,0
One of the worst films I have ever seen. A total waste of time. Save your money.,0
Exceptional storytelling with breathtaking visuals. Loved every moment. I am impressed overall.,1
Terrible writing. The plot had too many holes to enjoy the movie. Poor customer support.,0
Exceptional storytelling with breathtaking visuals. Loved every moment. The quality surprised me.,1
Badly made from start to finish. The editing was jarring and confusing.,0
Poor direction and awful dialogue. I cannot recommend this to anyone. Broke too quickly.,0
Not worth your time. The script is lazy and the pacing is awful. Not as described.,0
I watched this three times and loved it more each time. Wonderful. Really exceeded my expectations.,1
Riveting from start to finish. The best film of the year.,1
Absolute disaster of a movie. The ending was particularly frustrating. Very poor value.,0
Poor direction and awful dialogue. I cannot recommend this to anyone. Would not recommend.,0
An incredible cinematic experience. The story was deeply moving.,1
This film exceeded every expectation. A genuine five-star movie.,1
Terrible writing. The plot had too many holes to enjoy the movie.,0
An absolute joy to watch. I recommend this to every film lover.,1
Poor direction and awful dialogue. I cannot recommend this to anyone.,0
I watched this three times and loved it more each time. Wonderful. Exactly as described.,1
This movie touched my heart. A genuinely emotional experience.,1
This film is a masterpiece. The acting and direction are superb.,1
Loved the characters and the narrative. An amazing viewing experience. Shipping was very fast.,1
One of the greatest films ever made. Completely blown away. Exactly as described.,1
The special effects were cheap and the story was completely incoherent.,0
The actors looked bored and the director had no vision whatsoever.,0
Excellent movie. Great pacing and the ending was very satisfying. I love it.,1
A beautiful and powerful movie. Left me speechless at the end.,1
Terrible writing. The plot had too many holes to enjoy the movie. Felt cheaply made.,0
One of the greatest films ever made. Completely blown away. Highly satisfied.,1
A beautiful and powerful movie. Left me speechless at the end. Very happy with the result.,1
Exceptional storytelling with breathtaking visuals. Loved every moment.,1
This movie touched my heart. A genuinely emotional experience.,1
The story was boring and predictable. I fell asleep halfway through.,0
Loved the characters and the narrative. An amazing viewing experience.,1
A beautiful and powerful movie. Left me speechless at the end.,1
Badly made from start to finish. The editing was jarring and confusing. Very poor value.,0
Moving and thought-provoking. This movie will stay with me forever.,1
"Dull, uninspired, and painfully slow. I wanted to leave the theater. Instructions were useless.",0
One of the most boring films I have ever suffered through. Poor customer support.,0
Possibly the worst film released this decade. Completely unwatchable. Terrible experience.,0
Superb direction and a powerful script. This movie deserves all awards.,1
Badly made from start to finish. The editing was jarring and confusing. Nothing worked correctly.,0
Painfully unfunny and unengaging. Complete disappointment throughout. Broke too quickly.,0
Great writing and outstanding performances. I thoroughly enjoyed it. The quality surprised me.,1
Absolute disaster of a movie. The ending was particularly frustrating.,0
The special effects were cheap and the story was completely incoherent.,0
The special effects were cheap and the story was completely incoherent. Instructions were useless.,0
Riveting from start to finish. The best film of the year.,1
Terrible movie. The plot made no sense and the acting was wooden. Nothing worked correctly.,0
The special effects were cheap and the story was completely incoherent. Would not recommend.,0
One of the most boring films I have ever suffered through.,0
This movie touched my heart. A genuinely emotional experience. Works great from day one.,1
Terrible writing. The plot had too many holes to enjoy the movie. Not as described.,0
Great writing and outstanding performances. I thoroughly enjoyed it. I am impressed overall.,1
Brilliant performances from the entire cast. A must-see film. Shipping was very fast.,1
Poor direction and awful dialogue. I cannot recommend this to anyone.,0
I cannot understand the positive reviews. This film is genuinely terrible.,0
This film is a masterpiece. The acting and direction are superb.,1
The special effects were cheap and the story was completely incoherent. Not as described.,0
A very disappointing film. None of the characters were likable at all.,0
Absolute disaster of a movie. The ending was particularly frustrating. Very poor value.,0
Riveting from start to finish. The best film of the year.,1
Painfully unfunny and unengaging. Complete disappointment throughout.,0
Great writing and outstanding performances. I thoroughly enjoyed it. The quality surprised me.,1
Badly made from start to finish. The editing was jarring and confusing.,0
I cannot understand the positive reviews. This film is genuinely terrible. Instructions were useless.,0
One of the best movies I have seen in years. Highly recommended. I love it.,1
Terrible movie. The plot made no sense and the acting was wooden. Felt cheaply made.,0
A very disappointing film. None of the characters were likable at all. Very disappointing overall.,0
The story was boring and predictable. I fell asleep halfway through. Extremely frustrating experience.,0
"A true work of art. The cinematography and soundtrack are perfect. Great product, great service.",1
"Dull, uninspired, and painfully slow. I wanted to leave the theater. Terrible experience.",0
Poor direction and awful dialogue. I cannot recommend this to anyone.,0
A fantastic watch. The characters are rich and the plot is gripping. Easy to use and reliable.,1
One of the best movies I have seen in years. Highly recommended.,1
An absolute joy to watch. I recommend this to every film lover. No complaints at all.,1
The story was boring and predictable. I fell asleep halfway through.,0
A true work of art. The cinematography and soundtrack are perfect. I would buy this again.,1
Superb direction and a powerful script. This movie deserves all awards.,1
An absolute joy to watch. I recommend this to every film lover.,1
A true work of art. The cinematography and soundtrack are perfect. I would buy this again.,1
Moving and thought-provoking. This movie will stay with me forever.,1
Painfully unfunny and unengaging. Complete disappointment throughout.,0
Great writing and outstanding performances. I thoroughly enjoyed it. The quality surprised me.,1
An absolute joy to watch. I recommend this to every film lover.,1
Excellent movie. Great pacing and the ending was very satisfying.,1
Poor direction and awful dialogue. I cannot recommend this to anyone. Would not recommend.,0
Badly made from start to finish. The editing was jarring and confusing. Not as described.,0
Overcomplicated and dull. The CGI looked outdated and the acting was weak.,0
Loved the characters and the narrative. An amazing viewing experience. Works great from day one.,1
A fantastic watch. The characters are rich and the plot is gripping.,1
I cannot understand the positive reviews. This film is genuinely terrible. Would not recommend.,0
An absolute joy to watch. I recommend this to every film lover. Really good value.,1
Great writing and outstanding performances. I thoroughly enjoyed it. I am impressed overall.,1
One of the most boring films I have ever suffered through.,0
Absolute disaster of a movie. The ending was particularly frustrating. Broke too quickly.,0
Overcomplicated and dull. The CGI looked outdated and the acting was weak.,0
An absolute joy to watch. I recommend this to every film lover.,1
A true work of art. The cinematography and soundtrack are perfect. Really exceeded my expectations.,1
Do not waste your money on this. A forgettable and mediocre film.,0
The special effects were cheap and the story was completely incoherent. Defective right away.,0
Wasted potential. A great concept ruined by poor execution. Instructions were useless.,0
The story was boring and predictable. I fell asleep halfway through. Broke too quickly.,0
The special effects were cheap and the story was completely incoherent. Defective right away.,0
Great writing and outstanding performances. I thoroughly enjoyed it. I am impressed overall.,1
A beautiful and powerful movie. Left me speechless at the end. Works as advertised.,1
"Great writing and outstanding performances. I thoroughly enjoyed it. Great product, great service.",1
I cannot understand the positive reviews. This film is genuinely terrible.,0
I watched this three times and loved it more each time. Wonderful.,1
Moving and thought-provoking. This movie will stay with me forever. Very happy with the result.,1
An absolute joy to watch. I recommend this to every film lover. I am impressed overall.,1
"Dull, uninspired, and painfully slow. I wanted to leave the theater. Never buying from this brand again.",0
Incredibly well-made movie with a compelling and original story. Easy to use and reliable.,1
A fantastic watch. The characters are rich and the plot is gripping. Exactly as described.,1
A fantastic watch. The characters are rich and the plot is gripping.,1
I cannot understand the positive reviews. This film is genuinely terrible. Save your money.,0
One of the best movies I have seen in years. Highly recommended.,1
Extremely boring and poorly acted. I regret watching this film. Save your money.,0
One of the best movies I have seen in years. Highly recommended.,1
"Excellent movie. Great pacing and the ending was very satisfying. Great product, great service.",1
The special effects were cheap and the story was completely incoherent.,0
Superb direction and a powerful script. This movie deserves all awards.,1
The story was boring and predictable. I fell asleep halfway through. Defective right away.,0
Terrible movie. The plot made no sense and the acting was wooden. Nothing worked correctly.,0
Extremely boring and poorly acted. I regret watching this film.,0
The story was boring and predictable. I fell asleep halfway through. Very disappointing overall.,0
Poor direction and awful dialogue. I cannot recommend this to anyone.,0
A true work of art. The cinematography and soundtrack are perfect.,1
"Dull, uninspired, and painfully slow. I wanted to leave the theater.",0
Painfully unfunny and unengaging. Complete disappointment throughout.,0
Brilliant performances from the entire cast. A must-see film. No complaints at all.,1
Moving and thought-provoking. This movie will stay with me forever. The quality surprised me.,1
Possibly the worst film released this decade. Completely unwatchable.,0
The story was boring and predictable. I fell asleep halfway through. Never buying from this brand again.,0
Painfully unfunny and unengaging. Complete disappointment throughout.,0
Brilliant performances from the entire cast. A must-see film.,1
This film is a masterpiece. The acting and direction are superb.,1
One of the greatest films ever made. Completely blown away. Highly satisfied.,1
Riveting from start to finish. The best film of the year. Very happy with the result.,1
Riveting from start to finish. The best film of the year.,1
Terrible writing. The plot had too many holes to enjoy the movie.,0
An absolute joy to watch. I recommend this to every film lover.,1
Painfully unfunny and unengaging. Complete disappointment throughout.,0
"Brilliant performances from the entire cast. A must-see film. Great product, great service.",1
Poor direction and awful dialogue. I cannot recommend this to anyone. Poor customer support.,0
Riveting from start to finish. The best film of the year. Easy to use and reliable.,1
A very disappointing film. None of the characters were likable at all.,0
Do not waste your money on this. A forgettable and mediocre film. Save your money.,0
Not worth your time. The script is lazy and the pacing is awful. Never buying from this brand again.,0
This film is a masterpiece. The acting and direction are superb. I am impressed overall.,1
Exceptional storytelling with breathtaking visuals. Loved every moment. I love it.,1
I watched this three times and loved it more each time. Wonderful.,1
I cannot understand the positive reviews. This film is genuinely terrible.,0
Incredibly well-made movie with a compelling and original story.,1
Terrible writing. The plot had too many holes to enjoy the movie.,0
The actors looked bored and the director had no vision whatsoever.,0
This movie touched my heart. A genuinely emotional experience.,1
A true work of art. The cinematography and soundtrack are perfect.,1
Incredibly well-made movie with a compelling and original story. I would buy this again.,1
Not worth your time. The script is lazy and the pacing is awful.,0
One of the worst films I have ever seen. A total waste of time. Felt cheaply made.,0
Loved the characters and the narrative. An amazing viewing experience. Highly satisfied.,1
One of the best movies I have seen in years. Highly recommended.,1
Do not waste your money on this. A forgettable and mediocre film. Poor customer support.,0
Possibly the worst film released this decade. Completely unwatchable. Poor customer support.,0
A true work of art. The cinematography and soundtrack are perfect. I am impressed overall.,1
A true work of art. The cinematography and soundtrack are perfect.,1
Do not waste your money on this. A forgettable and mediocre film. Broke too quickly.,0
This movie touched my heart. A genuinely emotional experience.,1
A very disappointing film. None of the characters were likable at all. Never buying from this brand again.,0
Terrible movie. The plot made no sense and the acting was wooden.,0
Great writing and outstanding performances. I thoroughly enjoyed it. No complaints at all.,1
Incredibly well-made movie with a compelling and original story.,1
The special effects were cheap and the story was completely incoherent. Terrible experience.,0
Poor direction and awful dialogue. I cannot recommend this to anyone. Terrible experience.,0
The special effects were cheap and the story was completely incoherent. Broke too quickly.,0
The special effects were cheap and the story was completely incoherent. Would not recommend.,0
Poor direction and awful dialogue. I cannot recommend this to anyone. Very poor value.,0
Loved the characters and the narrative. An amazing viewing experience.,1
This film exceeded every expectation. A genuine five-star movie. I would buy this again.,1
This movie touched my heart. A genuinely emotional experience. Very happy with the result.,1
Poor direction and awful dialogue. I cannot recommend this to anyone. Defective right away.,0
Excellent movie. Great pacing and the ending was very satisfying. Really exceeded my expectations.,1
Badly made from start to finish. The editing was jarring and confusing. Would not recommend.,0
Incredibly well-made movie with a compelling and original story.,1
Do not waste your money on this. A forgettable and mediocre film.,0
Great writing and outstanding performances. I thoroughly enjoyed it. Works great from day one.,1
Not worth your time. The script is lazy and the pacing is awful. Not as described.,0
Great writing and outstanding performances. I thoroughly enjoyed it.,1
This film exceeded every expectation. A genuine five-star movie. Highly satisfied.,1
Extremely boring and poorly acted. I regret watching this film. Save your money.,0
Wasted potential. A great concept ruined by poor execution. Terrible experience.,0
Overcomplicated and dull. The CGI looked outdated and the acting was weak.,0
The special effects were cheap and the story was completely incoherent. Poor customer support.,0
Painfully unfunny and unengaging. Complete disappointment throughout. Poor customer support.,0
Overcomplicated and dull. The CGI looked outdated and the acting was weak.,0
A beautiful and powerful movie. Left me speechless at the end. I am impressed overall.,1
"Excellent movie. Great pacing and the ending was very satisfying. Great product, great service.",1
Overcomplicated and dull. The CGI looked outdated and the acting was weak.,0
This film exceeded every expectation. A genuine five-star movie.,1
Painfully unfunny and unengaging. Complete disappointment throughout.,0
Do not waste your money on this. A forgettable and mediocre film.,0
Absolute disaster of a movie. The ending was particularly frustrating.,0
A beautiful and powerful movie. Left me speechless at the end. Highly satisfied.,1
This film is a masterpiece. The acting and direction are superb.,1
I watched this three times and loved it more each time. Wonderful. Shipping was very fast.,1
Painfully unfunny and unengaging. Complete disappointment throughout.,0
Incredibly well-made movie with a compelling and original story. Highly satisfied.,1
Possibly the worst film released this decade. Completely unwatchable. Complete waste of money.,0
The special effects were cheap and the story was completely incoherent.,0
I cannot understand the positive reviews. This film is genuinely terrible.,0
One of the greatest films ever made. Completely blown away. I would buy this again.,1
Terrible movie. The plot made no sense and the acting was wooden. Defective right away.,0
Overcomplicated and dull. The CGI looked outdated and the acting was weak.,0
A beautiful and powerful movie. Left me speechless at the end. Shipping was very fast.,1
Absolute disaster of a movie. The ending was particularly frustrating. Nothing worked correctly.,0
One of the greatest films ever made. Completely blown away. Really exceeded my expectations.,1
Great writing and outstanding performances. I thoroughly enjoyed it. The quality surprised me.,1
Overcomplicated and dull. The CGI looked outdated and the acting was weak.,0
A fantastic watch. The characters are rich and the plot is gripping. Very happy with the result.,1
The story was boring and predictable. I fell asleep halfway through. Very disappointing overall.,0
I cannot understand the positive reviews. This film is genuinely terrible. Terrible experience.,0
Not worth your time. The script is lazy and the pacing is awful. Nothing worked correctly.,0
Terrible writing. The plot had too many holes to enjoy the movie.,0
Poor direction and awful dialogue. I cannot recommend this to anyone. Terrible experience.,0
One of the greatest films ever made. Completely blown away.,1
Possibly the worst film released this decade. Completely unwatchable.,0
Riveting from start to finish. The best film of the year. Exactly as described.,1
Terrible writing. The plot had too many holes to enjoy the movie. Would not recommend.,0
Riveting from start to finish. The best film of the year.,1
I watched this three times and loved it more each time. Wonderful.,1
Do not waste your money on this. A forgettable and mediocre film. Poor customer support.,0
Exceptional storytelling with breathtaking visuals. Loved every moment. Works as advertised.,1
Absolute disaster of a movie. The ending was particularly frustrating. Terrible experience.,0
This movie touched my heart. A genuinely emotional experience.,1
Overcomplicated and dull. The CGI looked outdated and the acting was weak.,0
Do not waste your money on this. A forgettable and mediocre film.,0
One of the worst films I have ever seen. A total waste of time.,0
A beautiful and powerful movie. Left me speechless at the end. Really exceeded my expectations.,1
Exceptional storytelling with breathtaking visuals. Loved every moment.,1
I watched this three times and loved it more each time. Wonderful.,1
Superb direction and a powerful script. This movie deserves all awards. I love it.,1
Wasted potential. A great concept ruined by poor execution.,0
The story was boring and predictable. I fell asleep halfway through.,0
Extremely boring and poorly acted. I regret watching this film.,0
A true work of art. The cinematography and soundtrack are perfect. I would buy this again.,1
Great writing and outstanding performances. I thoroughly enjoyed it. No complaints at all.,1
Possibly the worst film released this decade. Completely unwatchable. Very poor value.,0
One of the worst films I have ever seen. A total waste of time. Poor customer support.,0
Possibly the worst film released this decade. Completely unwatchable.,0
Extremely boring and poorly acted. I regret watching this film. Poor customer support.,0
I cannot understand the positive reviews. This film is genuinely terrible. Instructions were useless.,0
This movie touched my heart. A genuinely emotional experience. No complaints at all.,1
Moving and thought-provoking. This movie will stay with me forever. Easy to use and reliable.,1
Superb direction and a powerful script. This movie deserves all awards. Works great from day one.,1
Moving and thought-provoking. This movie will stay with me forever.,1
Terrible writing. The plot had too many holes to enjoy the movie.,0
Moving and thought-provoking. This movie will stay with me forever.,1
Absolute disaster of a movie. The ending was particularly frustrating. Terrible experience.,0
Moving and thought-provoking. This movie will stay with me forever. I love it.,1
Riveting from start to finish. The best film of the year.,1
This movie touched my heart. A genuinely emotional experience. I would buy this again.,1
Do not waste your money on this. A forgettable and mediocre film.,0
Riveting from start to finish. The best film of the year.,1
An absolute joy to watch. I recommend this to every film lover.,1
An absolute joy to watch. I recommend this to every film lover. Works as advertised.,1
